name,url
Bulbasaur,https://assets.pokemon.com/assets/cms2/img/pokedex/full/001.png
Ivysaur,https://assets.pokemon.com/assets/cms2/img/pokedex/full/002.png
Venusaur,https://assets.pokemon.com/assets/cms2/img/pokedex/full/003.png
Charmander,https://assets.pokemon.com/assets/cms2/img/pokedex/full/004.png
Charmeleon,https://assets.pokemon.com/assets/cms2/img/pokedex/full/005.png
Charizard,https://assets.pokemon.com/assets/cms2/img/pokedex/full/006.png
Squirtle,https://assets.pokemon.com/assets/cms2/img/pokedex/full/007.png
Wartortle,https://assets.pokemon.com/assets/cms2/img/pokedex/full/008.png
Blastoise,https://assets.pokemon.com/assets/cms2/img/pokedex/full/009.png
Caterpie,https://assets.pokemon.com/assets/cms2/img/pokedex/full/010.png
Metapod,https://assets.pokemon.com/assets/cms2/img/pokedex/full/011.png
Butterfree,https://assets.pokemon.com/assets/cms2/img/pokedex/full/012.png
Weedle,https://assets.pokemon.com/assets/cms2/img/pokedex/full/013.png
Kakuna,https://assets.pokemon.com/assets/cms2/img/pokedex/full/014.png
Beedrill,https://assets.pokemon.com/assets/cms2/img/pokedex/full/015.png
Pidgey,https://assets.pokemon.com/assets/cms2/img/pokedex/full/016.png
Pidgeotto,https://assets.pokemon.com/assets/cms2/img/pokedex/full/017.png
Pidgeot,https://assets.pokemon.com/assets/cms2/img/pokedex/full/018.png
Rattata,https://assets.pokemon.com/assets/cms2/img/pokedex/full/019.png
Raticate,https://assets.pokemon.com/assets/cms2/img/pokedex/full/020.png
Spearow,https://assets.pokemon.com/assets/cms2/img/pokedex/full/021.png
Fearow,https://assets.pokemon.com/assets/cms2/img/pokedex/full/022.png
Ekans,https://assets.pokemon.com/assets/cms2/img/pokedex/full/023.png
Arbok,https://assets.pokemon.com/assets/cms2/img/pokedex/full/024.png
Pikachu,https://assets.pokemon.com/assets/cms2/img/pokedex/full/025.png
Raichu,https://assets.pokemon.com/assets/cms2/img/pokedex/full/026.png
Sandshrew,https://assets.pokemon.com/assets/cms2/img/pokedex/full/027.png
Sandslash,https://assets.pokemon.com/assets/cms2/img/pokedex/full/028.png
Nidoran-female,https://assets.pokemon.com/assets/cms2/img/pokedex/full/029.png
Nidorina,https://assets.pokemon.com/assets/cms2/img/pokedex/full/030.png
Nidoqueen,https://assets.pokemon.com/assets/cms2/img/pokedex/full/031.png
Nidoran-male,https://assets.pokemon.com/assets/cms2/img/pokedex/full/032.png
Nidorino,https://assets.pokemon.com/assets/cms2/img/pokedex/full/033.png
Nidoking,https://assets.pokemon.com/assets/cms2/img/pokedex/full/034.png
Clefairy,https://assets.pokemon.com/assets/cms2/img/pokedex/full/035.png
Clefable,https://assets.pokemon.com/assets/cms2/img/pokedex/full/036.png
Vulpix,https://assets.pokemon.com/assets/cms2/img/pokedex/full/037.png
Ninetales,https://assets.pokemon.com/assets/cms2/img/pokedex/full/038.png
Jigglypuff,https://assets.pokemon.com/assets/cms2/img/pokedex/full/039.png
Wigglytuff,https://assets.pokemon.com/assets/cms2/img/pokedex/full/040.png
Zubat,https://assets.pokemon.com/assets/cms2/img/pokedex/full/041.png
Golbat,https://assets.pokemon.com/assets/cms2/img/pokedex/full/042.png
Oddish,https://assets.pokemon.com/assets/cms2/img/pokedex/full/043.png
Gloom,https://assets.pokemon.com/assets/cms2/img/pokedex/full/044.png
Vileplume,https://assets.pokemon.com/assets/cms2/img/pokedex/full/045.png
Paras,https://assets.pokemon.com/assets/cms2/img/pokedex/full/046.png
Parasect,https://assets.pokemon.com/assets/cms2/img/pokedex/full/047.png
Venonat,https://assets.pokemon.com/assets/cms2/img/pokedex/full/048.png
Venomoth,https://assets.pokemon.com/assets/cms2/img/pokedex/full/049.png
Diglett,https://assets.pokemon.com/assets/cms2/img/pokedex/full/050.png
Dugtrio,https://assets.pokemon.com/assets/cms2/img/pokedex/full/051.png
Meowth,https://assets.pokemon.com/assets/cms2/img/pokedex/full/052.png
Persian,https://assets.pokemon.com/assets/cms2/img/pokedex/full/053.png
Psyduck,https://assets.pokemon.com/assets/cms2/img/pokedex/full/054.png
Golduck,https://assets.pokemon.com/assets/cms2/img/pokedex/full/055.png
Mankey,https://assets.pokemon.com/assets/cms2/img/pokedex/full/056.png
Primeape,https://assets.pokemon.com/assets/cms2/img/pokedex/full/057.png
Growlithe,https://assets.pokemon.com/assets/cms2/img/pokedex/full/058.png
Arcanine,https://assets.pokemon.com/assets/cms2/img/pokedex/full/059.png
Poliwag,https://assets.pokemon.com/assets/cms2/img/pokedex/full/060.png
Poliwhirl,https://assets.pokemon.com/assets/cms2/img/pokedex/full/061.png
Poliwrath,https://assets.pokemon.com/assets/cms2/img/pokedex/full/062.png
Abra,https://assets.pokemon.com/assets/cms2/img/pokedex/full/063.png
Kadabra,https://assets.pokemon.com/assets/cms2/img/pokedex/full/064.png
Alakazam,https://assets.pokemon.com/assets/cms2/img/pokedex/full/065.png
Machop,https://assets.pokemon.com/assets/cms2/img/pokedex/full/066.png
Machoke,https://assets.pokemon.com/assets/cms2/img/pokedex/full/067.png
Machamp,https://assets.pokemon.com/assets/cms2/img/pokedex/full/068.png
Bellsprout,https://assets.pokemon.com/assets/cms2/img/pokedex/full/069.png
Weepinbell,https://assets.pokemon.com/assets/cms2/img/pokedex/full/070.png
Victreebel,https://assets.pokemon.com/assets/cms2/img/pokedex/full/071.png
Tentacool,https://assets.pokemon.com/assets/cms2/img/pokedex/full/072.png
Tentacruel,https://assets.pokemon.com/assets/cms2/img/pokedex/full/073.png
Geodude,https://assets.pokemon.com/assets/cms2/img/pokedex/full/074.png
Graveler,https://assets.pokemon.com/assets/cms2/img/pokedex/full/075.png
Golem,https://assets.pokemon.com/assets/cms2/img/pokedex/full/076.png
Ponyta,https://assets.pokemon.com/assets/cms2/img/pokedex/full/077.png
Rapidash,https://assets.pokemon.com/assets/cms2/img/pokedex/full/078.png
Slowpoke,https://assets.pokemon.com/assets/cms2/img/pokedex/full/079.png
Slowbro,https://assets.pokemon.com/assets/cms2/img/pokedex/full/080.png
Magnemite,https://assets.pokemon.com/assets/cms2/img/pokedex/full/081.png
Magneton,https://assets.pokemon.com/assets/cms2/img/pokedex/full/082.png
Farfetchd,https://assets.pokemon.com/assets/cms2/img/pokedex/full/083.png
Doduo,https://assets.pokemon.com/assets/cms2/img/pokedex/full/084.png
Dodrio,https://assets.pokemon.com/assets/cms2/img/pokedex/full/085.png
Seel,https://assets.pokemon.com/assets/cms2/img/pokedex/full/086.png
Dewgong,https://assets.pokemon.com/assets/cms2/img/pokedex/full/087.png
Grimer,https://assets.pokemon.com/assets/cms2/img/pokedex/full/088.png
Muk,https://assets.pokemon.com/assets/cms2/img/pokedex/full/089.png
Shellder,https://assets.pokemon.com/assets/cms2/img/pokedex/full/090.png
Cloyster,https://assets.pokemon.com/assets/cms2/img/pokedex/full/091.png
Gastly,https://assets.pokemon.com/assets/cms2/img/pokedex/full/092.png
Haunter,https://assets.pokemon.com/assets/cms2/img/pokedex/full/093.png
Gengar,https://assets.pokemon.com/assets/cms2/img/pokedex/full/094.png
Onix,https://assets.pokemon.com/assets/cms2/img/pokedex/full/095.png
Drowzee,https://assets.pokemon.com/assets/cms2/img/pokedex/full/096.png
Hypno,https://assets.pokemon.com/assets/cms2/img/pokedex/full/097.png
Krabby,https://assets.pokemon.com/assets/cms2/img/pokedex/full/098.png
Kingler,https://assets.pokemon.com/assets/cms2/img/pokedex/full/099.png
Voltorb,https://assets.pokemon.com/assets/cms2/img/pokedex/full/100.png
Electrode,https://assets.pokemon.com/assets/cms2/img/pokedex/full/101.png
Exeggcute,https://assets.pokemon.com/assets/cms2/img/pokedex/full/102.png
Exeggutor,https://assets.pokemon.com/assets/cms2/img/pokedex/full/103.png
Cubone,https://assets.pokemon.com/assets/cms2/img/pokedex/full/104.png
Marowak,https://assets.pokemon.com/assets/cms2/img/pokedex/full/105.png
Hitmonlee,https://assets.pokemon.com/assets/cms2/img/pokedex/full/106.png
Hitmonchan,https://assets.pokemon.com/assets/cms2/img/pokedex/full/107.png
Lickitung,https://assets.pokemon.com/assets/cms2/img/pokedex/full/108.png
Koffing,https://assets.pokemon.com/assets/cms2/img/pokedex/full/109.png
Weezing,https://assets.pokemon.com/assets/cms2/img/pokedex/full/110.png
Rhyhorn,https://assets.pokemon.com/assets/cms2/img/pokedex/full/111.png
Rhydon,https://assets.pokemon.com/assets/cms2/img/pokedex/full/112.png
Chansey,https://assets.pokemon.com/assets/cms2/img/pokedex/full/113.png
Tangela,https://assets.pokemon.com/assets/cms2/img/pokedex/full/114.png
Kangaskhan,https://assets.pokemon.com/assets/cms2/img/pokedex/full/115.png
Horsea,https://assets.pokemon.com/assets/cms2/img/pokedex/full/116.png
Seadra,https://assets.pokemon.com/assets/cms2/img/pokedex/full/117.png
Goldeen,https://assets.pokemon.com/assets/cms2/img/pokedex/full/118.png
Seaking,https://assets.pokemon.com/assets/cms2/img/pokedex/full/119.png
Staryu,https://assets.pokemon.com/assets/cms2/img/pokedex/full/120.png
Starmie,https://assets.pokemon.com/assets/cms2/img/pokedex/full/121.png
Mr-Mime,https://assets.pokemon.com/assets/cms2/img/pokedex/full/122.png
Scyther,https://assets.pokemon.com/assets/cms2/img/pokedex/full/123.png
Jynx,https://assets.pokemon.com/assets/cms2/img/pokedex/full/124.png
Electabuzz,https://assets.pokemon.com/assets/cms2/img/pokedex/full/125.png
Magmar,https://assets.pokemon.com/assets/cms2/img/pokedex/full/126.png
Pinsir,https://assets.pokemon.com/assets/cms2/img/pokedex/full/127.png
Tauros,https://assets.pokemon.com/assets/cms2/img/pokedex/full/128.png
Magikarp,https://assets.pokemon.com/assets/cms2/img/pokedex/full/129.png
Gyarados,https://assets.pokemon.com/assets/cms2/img/pokedex/full/130.png
Lapras,https://assets.pokemon.com/assets/cms2/img/pokedex/full/131.png
Ditto,https://assets.pokemon.com/assets/cms2/img/pokedex/full/132.png
Eevee,https://assets.pokemon.com/assets/cms2/img/pokedex/full/133.png
Vaporeon,https://assets.pokemon.com/assets/cms2/img/pokedex/full/134.png
Jolteon,https://assets.pokemon.com/assets/cms2/img/pokedex/full/135.png
Flareon,https://assets.pokemon.com/assets/cms2/img/pokedex/full/136.png
Porygon,https://assets.pokemon.com/assets/cms2/img/pokedex/full/137.png
Omanyte,https://assets.pokemon.com/assets/cms2/img/pokedex/full/138.png
Omastar,https://assets.pokemon.com/assets/cms2/img/pokedex/full/139.png
Kabuto,https://assets.pokemon.com/assets/cms2/img/pokedex/full/140.png
Kabutops,https://assets.pokemon.com/assets/cms2/img/pokedex/full/141.png
Aerodactyl,https://assets.pokemon.com/assets/cms2/img/pokedex/full/142.png
Snorlax,https://assets.pokemon.com/assets/cms2/img/pokedex/full/143.png
Articuno,https://assets.pokemon.com/assets/cms2/img/pokedex/full/144.png
Zapdos,https://assets.pokemon.com/assets/cms2/img/pokedex/full/145.png
Moltres,https://assets.pokemon.com/assets/cms2/img/pokedex/full/146.png
Dratini,https://assets.pokemon.com/assets/cms2/img/pokedex/full/147.png
Dragonair,https://assets.pokemon.com/assets/cms2/img/pokedex/full/148.png
Dragonite,https://assets.pokemon.com/assets/cms2/img/pokedex/full/149.png
Mewtwo,https://assets.pokemon.com/assets/cms2/img/pokedex/full/150.png
Mew,https://assets.pokemon.com/assets/cms2/img/pokedex/full/151.png
Chikorita,https://assets.pokemon.com/assets/cms2/img/pokedex/full/152.png
Bayleef,https://assets.pokemon.com/assets/cms2/img/pokedex/full/153.png
Meganium,https://assets.pokemon.com/assets/cms2/img/pokedex/full/154.png
Cyndaquil,https://assets.pokemon.com/assets/cms2/img/pokedex/full/155.png
Quilava,https://assets.pokemon.com/assets/cms2/img/pokedex/full/156.png
Typhlosion,https://assets.pokemon.com/assets/cms2/img/pokedex/full/157.png
Totodile,https://assets.pokemon.com/assets/cms2/img/pokedex/full/158.png
Croconaw,https://assets.pokemon.com/assets/cms2/img/pokedex/full/159.png
Feraligatr,https://assets.pokemon.com/assets/cms2/img/pokedex/full/160.png
Sentret,https://assets.pokemon.com/assets/cms2/img/pokedex/full/161.png
Furret,https://assets.pokemon.com/assets/cms2/img/pokedex/full/162.png
Hoothoot,https://assets.pokemon.com/assets/cms2/img/pokedex/full/163.png
Noctowl,https://assets.pokemon.com/assets/cms2/img/pokedex/full/164.png
Ledyba,https://assets.pokemon.com/assets/cms2/img/pokedex/full/165.png
Ledian,https://assets.pokemon.com/assets/cms2/img/pokedex/full/166.png
Spinarak,https://assets.pokemon.com/assets/cms2/img/pokedex/full/167.png
Ariados,https://assets.pokemon.com/assets/cms2/img/pokedex/full/168.png
Crobat,https://assets.pokemon.com/assets/cms2/img/pokedex/full/169.png
Chinchou,https://assets.pokemon.com/assets/cms2/img/pokedex/full/170.png
Lanturn,https://assets.pokemon.com/assets/cms2/img/pokedex/full/171.png
Pichu,https://assets.pokemon.com/assets/cms2/img/pokedex/full/172.png
Cleffa,https://assets.pokemon.com/assets/cms2/img/pokedex/full/173.png
Igglybuff,https://assets.pokemon.com/assets/cms2/img/pokedex/full/174.png
Togepi,https://assets.pokemon.com/assets/cms2/img/pokedex/full/175.png
Togetic,https://assets.pokemon.com/assets/cms2/img/pokedex/full/176.png
Natu,https://assets.pokemon.com/assets/cms2/img/pokedex/full/177.png
Xatu,https://assets.pokemon.com/assets/cms2/img/pokedex/full/178.png
Mareep,https://assets.pokemon.com/assets/cms2/img/pokedex/full/179.png
Flaaffy,https://assets.pokemon.com/assets/cms2/img/pokedex/full/180.png
Ampharos,https://assets.pokemon.com/assets/cms2/img/pokedex/full/181.png
Bellossom,https://assets.pokemon.com/assets/cms2/img/pokedex/full/182.png
Marill,https://assets.pokemon.com/assets/cms2/img/pokedex/full/183.png
Azumarill,https://assets.pokemon.com/assets/cms2/img/pokedex/full/184.png
Sudowoodo,https://assets.pokemon.com/assets/cms2/img/pokedex/full/185.png
Politoed,https://assets.pokemon.com/assets/cms2/img/pokedex/full/186.png
Hoppip,https://assets.pokemon.com/assets/cms2/img/pokedex/full/187.png
Skiploom,https://assets.pokemon.com/assets/cms2/img/pokedex/full/188.png
Jumpluff,https://assets.pokemon.com/assets/cms2/img/pokedex/full/189.png
Aipom,https://assets.pokemon.com/assets/cms2/img/pokedex/full/190.png
Sunkern,https://assets.pokemon.com/assets/cms2/img/pokedex/full/191.png
Sunflora,https://assets.pokemon.com/assets/cms2/img/pokedex/full/192.png
Yanma,https://assets.pokemon.com/assets/cms2/img/pokedex/full/193.png
Wooper,https://assets.pokemon.com/assets/cms2/img/pokedex/full/194.png
Quagsire,https://assets.pokemon.com/assets/cms2/img/pokedex/full/195.png
Espeon,https://assets.pokemon.com/assets/cms2/img/pokedex/full/196.png
Umbreon,https://assets.pokemon.com/assets/cms2/img/pokedex/full/197.png
Murkrow,https://assets.pokemon.com/assets/cms2/img/pokedex/full/198.png
Slowking,https://assets.pokemon.com/assets/cms2/img/pokedex/full/199.png
Misdreavus,https://assets.pokemon.com/assets/cms2/img/pokedex/full/200.png
Unown,https://assets.pokemon.com/assets/cms2/img/pokedex/full/201.png
Wobbuffet,https://assets.pokemon.com/assets/cms2/img/pokedex/full/202.png
Girafarig,https://assets.pokemon.com/assets/cms2/img/pokedex/full/203.png
Pineco,https://assets.pokemon.com/assets/cms2/img/pokedex/full/204.png
Forretress,https://assets.pokemon.com/assets/cms2/img/pokedex/full/205.png
Dunsparce,https://assets.pokemon.com/assets/cms2/img/pokedex/full/206.png
Gligar,https://assets.pokemon.com/assets/cms2/img/pokedex/full/207.png
Steelix,https://assets.pokemon.com/assets/cms2/img/pokedex/full/208.png
Snubbull,https://assets.pokemon.com/assets/cms2/img/pokedex/full/209.png
Granbull,https://assets.pokemon.com/assets/cms2/img/pokedex/full/210.png
Qwilfish,https://assets.pokemon.com/assets/cms2/img/pokedex/full/211.png
Scizor,https://assets.pokemon.com/assets/cms2/img/pokedex/full/212.png
Shuckle,https://assets.pokemon.com/assets/cms2/img/pokedex/full/213.png
Heracross,https://assets.pokemon.com/assets/cms2/img/pokedex/full/214.png
Sneasel,https://assets.pokemon.com/assets/cms2/img/pokedex/full/215.png
Teddiursa,https://assets.pokemon.com/assets/cms2/img/pokedex/full/216.png
Ursaring,https://assets.pokemon.com/assets/cms2/img/pokedex/full/217.png
Slugma,https://assets.pokemon.com/assets/cms2/img/pokedex/full/218.png
Magcargo,https://assets.pokemon.com/assets/cms2/img/pokedex/full/219.png
Swinub,https://assets.pokemon.com/assets/cms2/img/pokedex/full/220.png
Piloswine,https://assets.pokemon.com/assets/cms2/img/pokedex/full/221.png
Corsola,https://assets.pokemon.com/assets/cms2/img/pokedex/full/222.png
Remoraid,https://assets.pokemon.com/assets/cms2/img/pokedex/full/223.png
Octillery,https://assets.pokemon.com/assets/cms2/img/pokedex/full/224.png
Delibird,https://assets.pokemon.com/assets/cms2/img/pokedex/full/225.png
Mantine,https://assets.pokemon.com/assets/cms2/img/pokedex/full/226.png
Skarmory,https://assets.pokemon.com/assets/cms2/img/pokedex/full/227.png
Houndour,https://assets.pokemon.com/assets/cms2/img/pokedex/full/228.png
Houndoom,https://assets.pokemon.com/assets/cms2/img/pokedex/full/229.png
Kingdra,https://assets.pokemon.com/assets/cms2/img/pokedex/full/230.png
Phanpy,https://assets.pokemon.com/assets/cms2/img/pokedex/full/231.png
Donphan,https://assets.pokemon.com/assets/cms2/img/pokedex/full/232.png
Porygon2,https://assets.pokemon.com/assets/cms2/img/pokedex/full/233.png
Stantler,https://assets.pokemon.com/assets/cms2/img/pokedex/full/234.png
Smeargle,https://assets.pokemon.com/assets/cms2/img/pokedex/full/235.png
Tyrogue,https://assets.pokemon.com/assets/cms2/img/pokedex/full/236.png
Hitmontop,https://assets.pokemon.com/assets/cms2/img/pokedex/full/237.png
Smoochum,https://assets.pokemon.com/assets/cms2/img/pokedex/full/238.png
Elekid,https://assets.pokemon.com/assets/cms2/img/pokedex/full/239.png
Magby,https://assets.pokemon.com/assets/cms2/img/pokedex/full/240.png
Miltank,https://assets.pokemon.com/assets/cms2/img/pokedex/full/241.png
Blissey,https://assets.pokemon.com/assets/cms2/img/pokedex/full/242.png
Raikou,https://assets.pokemon.com/assets/cms2/img/pokedex/full/243.png
Entei,https://assets.pokemon.com/assets/cms2/img/pokedex/full/244.png
Suicune,https://assets.pokemon.com/assets/cms2/img/pokedex/full/245.png
Larvitar,https://assets.pokemon.com/assets/cms2/img/pokedex/full/246.png
Pupitar,https://assets.pokemon.com/assets/cms2/img/pokedex/full/247.png
Tyranitar,https://assets.pokemon.com/assets/cms2/img/pokedex/full/248.png
Lugia,https://assets.pokemon.com/assets/cms2/img/pokedex/full/249.png
Ho-oh,https://assets.pokemon.com/assets/cms2/img/pokedex/full/250.png
Celebi,https://assets.pokemon.com/assets/cms2/img/pokedex/full/251.png
Treecko,https://assets.pokemon.com/assets/cms2/img/pokedex/full/252.png
Grovyle,https://assets.pokemon.com/assets/cms2/img/pokedex/full/253.png
Sceptile,https://assets.pokemon.com/assets/cms2/img/pokedex/full/254.png
Torchic,https://assets.pokemon.com/assets/cms2/img/pokedex/full/255.png
Combusken,https://assets.pokemon.com/assets/cms2/img/pokedex/full/256.png
Blaziken,https://assets.pokemon.com/assets/cms2/img/pokedex/full/257.png
Mudkip,https://assets.pokemon.com/assets/cms2/img/pokedex/full/258.png
Marshtomp,https://assets.pokemon.com/assets/cms2/img/pokedex/full/259.png
Swampert,https://assets.pokemon.com/assets/cms2/img/pokedex/full/260.png
Poochyena,https://assets.pokemon.com/assets/cms2/img/pokedex/full/261.png
Mightyena,https://assets.pokemon.com/assets/cms2/img/pokedex/full/262.png
Zigzagoon,https://assets.pokemon.com/assets/cms2/img/pokedex/full/263.png
Linoone,https://assets.pokemon.com/assets/cms2/img/pokedex/full/264.png
Wurmple,https://assets.pokemon.com/assets/cms2/img/pokedex/full/265.png
Silcoon,https://assets.pokemon.com/assets/cms2/img/pokedex/full/266.png
Beautifly,https://assets.pokemon.com/assets/cms2/img/pokedex/full/267.png
Cascoon,https://assets.pokemon.com/assets/cms2/img/pokedex/full/268.png
Dustox,https://assets.pokemon.com/assets/cms2/img/pokedex/full/269.png
Lotad,https://assets.pokemon.com/assets/cms2/img/pokedex/full/270.png
Lombre,https://assets.pokemon.com/assets/cms2/img/pokedex/full/271.png
Ludicolo,https://assets.pokemon.com/assets/cms2/img/pokedex/full/272.png
Seedot,https://assets.pokemon.com/assets/cms2/img/pokedex/full/273.png
Nuzleaf,https://assets.pokemon.com/assets/cms2/img/pokedex/full/274.png
Shiftry,https://assets.pokemon.com/assets/cms2/img/pokedex/full/275.png
Taillow,https://assets.pokemon.com/assets/cms2/img/pokedex/full/276.png
Swellow,https://assets.pokemon.com/assets/cms2/img/pokedex/full/277.png
Wingull,https://assets.pokemon.com/assets/cms2/img/pokedex/full/278.png
Pelipper,https://assets.pokemon.com/assets/cms2/img/pokedex/full/279.png
Ralts,https://assets.pokemon.com/assets/cms2/img/pokedex/full/280.png
Kirlia,https://assets.pokemon.com/assets/cms2/img/pokedex/full/281.png
Gardevoir,https://assets.pokemon.com/assets/cms2/img/pokedex/full/282.png
Surskit,https://assets.pokemon.com/assets/cms2/img/pokedex/full/283.png
Masquerain,https://assets.pokemon.com/assets/cms2/img/pokedex/full/284.png
Shroomish,https://assets.pokemon.com/assets/cms2/img/pokedex/full/285.png
Breloom,https://assets.pokemon.com/assets/cms2/img/pokedex/full/286.png
Slakoth,https://assets.pokemon.com/assets/cms2/img/pokedex/full/287.png
Vigoroth,https://assets.pokemon.com/assets/cms2/img/pokedex/full/288.png
Slaking,https://assets.pokemon.com/assets/cms2/img/pokedex/full/289.png
Nincada,https://assets.pokemon.com/assets/cms2/img/pokedex/full/290.png
Ninjask,https://assets.pokemon.com/assets/cms2/img/pokedex/full/291.png
Shedinja,https://assets.pokemon.com/assets/cms2/img/pokedex/full/292.png
Whismur,https://assets.pokemon.com/assets/cms2/img/pokedex/full/293.png
Loudred,https://assets.pokemon.com/assets/cms2/img/pokedex/full/294.png
Exploud,https://assets.pokemon.com/assets/cms2/img/pokedex/full/295.png
Makuhita,https://assets.pokemon.com/assets/cms2/img/pokedex/full/296.png
Hariyama,https://assets.pokemon.com/assets/cms2/img/pokedex/full/297.png
Azurill,https://assets.pokemon.com/assets/cms2/img/pokedex/full/298.png
Nosepass,https://assets.pokemon.com/assets/cms2/img/pokedex/full/299.png
Skitty,https://assets.pokemon.com/assets/cms2/img/pokedex/full/300.png
Delcatty,https://assets.pokemon.com/assets/cms2/img/pokedex/full/301.png
Sableye,https://assets.pokemon.com/assets/cms2/img/pokedex/full/302.png
Mawile,https://assets.pokemon.com/assets/cms2/img/pokedex/full/303.png
Aron,https://assets.pokemon.com/assets/cms2/img/pokedex/full/304.png
Lairon,https://assets.pokemon.com/assets/cms2/img/pokedex/full/305.png
Aggron,https://assets.pokemon.com/assets/cms2/img/pokedex/full/306.png
Meditite,https://assets.pokemon.com/assets/cms2/img/pokedex/full/307.png
Medicham,https://assets.pokemon.com/assets/cms2/img/pokedex/full/308.png
Electrike,https://assets.pokemon.com/assets/cms2/img/pokedex/full/309.png
Manectric,https://assets.pokemon.com/assets/cms2/img/pokedex/full/310.png
Plusle,https://assets.pokemon.com/assets/cms2/img/pokedex/full/311.png
Minun,https://assets.pokemon.com/assets/cms2/img/pokedex/full/312.png
Volbeat,https://assets.pokemon.com/assets/cms2/img/pokedex/full/313.png
Illumise,https://assets.pokemon.com/assets/cms2/img/pokedex/full/314.png
Roselia,https://assets.pokemon.com/assets/cms2/img/pokedex/full/315.png
Gulpin,https://assets.pokemon.com/assets/cms2/img/pokedex/full/316.png
Swalot,https://assets.pokemon.com/assets/cms2/img/pokedex/full/317.png
Carvanha,https://assets.pokemon.com/assets/cms2/img/pokedex/full/318.png
Sharpedo,https://assets.pokemon.com/assets/cms2/img/pokedex/full/319.png
Wailmer,https://assets.pokemon.com/assets/cms2/img/pokedex/full/320.png
Wailord,https://assets.pokemon.com/assets/cms2/img/pokedex/full/321.png
Numel,https://assets.pokemon.com/assets/cms2/img/pokedex/full/322.png
Camerupt,https://assets.pokemon.com/assets/cms2/img/pokedex/full/323.png
Torkoal,https://assets.pokemon.com/assets/cms2/img/pokedex/full/324.png
Spoink,https://assets.pokemon.com/assets/cms2/img/pokedex/full/325.png
Grumpig,https://assets.pokemon.com/assets/cms2/img/pokedex/full/326.png
Spinda,https://assets.pokemon.com/assets/cms2/img/pokedex/full/327.png
Trapinch,https://assets.pokemon.com/assets/cms2/img/pokedex/full/328.png
Vibrava,https://assets.pokemon.com/assets/cms2/img/pokedex/full/329.png
Flygon,https://assets.pokemon.com/assets/cms2/img/pokedex/full/330.png
Cacnea,https://assets.pokemon.com/assets/cms2/img/pokedex/full/331.png
Cacturne,https://assets.pokemon.com/assets/cms2/img/pokedex/full/332.png
Swablu,https://assets.pokemon.com/assets/cms2/img/pokedex/full/333.png
Altaria,https://assets.pokemon.com/assets/cms2/img/pokedex/full/334.png
Zangoose,https://assets.pokemon.com/assets/cms2/img/pokedex/full/335.png
Seviper,https://assets.pokemon.com/assets/cms2/img/pokedex/full/336.png
Lunatone,https://assets.pokemon.com/assets/cms2/img/pokedex/full/337.png
Solrock,https://assets.pokemon.com/assets/cms2/img/pokedex/full/338.png
Barboach,https://assets.pokemon.com/assets/cms2/img/pokedex/full/339.png
Whiscash,https://assets.pokemon.com/assets/cms2/img/pokedex/full/340.png
Corphish,https://assets.pokemon.com/assets/cms2/img/pokedex/full/341.png
Crawdaunt,https://assets.pokemon.com/assets/cms2/img/pokedex/full/342.png
Baltoy,https://assets.pokemon.com/assets/cms2/img/pokedex/full/343.png
Claydol,https://assets.pokemon.com/assets/cms2/img/pokedex/full/344.png
Lileep,https://assets.pokemon.com/assets/cms2/img/pokedex/full/345.png
Cradily,https://assets.pokemon.com/assets/cms2/img/pokedex/full/346.png
Anorith,https://assets.pokemon.com/assets/cms2/img/pokedex/full/347.png
Armaldo,https://assets.pokemon.com/assets/cms2/img/pokedex/full/348.png
Feebas,https://assets.pokemon.com/assets/cms2/img/pokedex/full/349.png
Milotic,https://assets.pokemon.com/assets/cms2/img/pokedex/full/350.png
Castform,https://assets.pokemon.com/assets/cms2/img/pokedex/full/351.png
Kecleon,https://assets.pokemon.com/assets/cms2/img/pokedex/full/352.png
Shuppet,https://assets.pokemon.com/assets/cms2/img/pokedex/full/353.png
Banette,https://assets.pokemon.com/assets/cms2/img/pokedex/full/354.png
Duskull,https://assets.pokemon.com/assets/cms2/img/pokedex/full/355.png
Dusclops,https://assets.pokemon.com/assets/cms2/img/pokedex/full/356.png
Tropius,https://assets.pokemon.com/assets/cms2/img/pokedex/full/357.png
Chimecho,https://assets.pokemon.com/assets/cms2/img/pokedex/full/358.png
Absol,https://assets.pokemon.com/assets/cms2/img/pokedex/full/359.png
Wynaut,https://assets.pokemon.com/assets/cms2/img/pokedex/full/360.png
Snorunt,https://assets.pokemon.com/assets/cms2/img/pokedex/full/361.png
Glalie,https://assets.pokemon.com/assets/cms2/img/pokedex/full/362.png
Spheal,https://assets.pokemon.com/assets/cms2/img/pokedex/full/363.png
Sealeo,https://assets.pokemon.com/assets/cms2/img/pokedex/full/364.png
Walrein,https://assets.pokemon.com/assets/cms2/img/pokedex/full/365.png
Clamperl,https://assets.pokemon.com/assets/cms2/img/pokedex/full/366.png
Huntail,https://assets.pokemon.com/assets/cms2/img/pokedex/full/367.png
Gorebyss,https://assets.pokemon.com/assets/cms2/img/pokedex/full/368.png
Relicanth,https://assets.pokemon.com/assets/cms2/img/pokedex/full/369.png
Luvdisc,https://assets.pokemon.com/assets/cms2/img/pokedex/full/370.png
Bagon,https://assets.pokemon.com/assets/cms2/img/pokedex/full/371.png
Shelgon,https://assets.pokemon.com/assets/cms2/img/pokedex/full/372.png
Salamence,https://assets.pokemon.com/assets/cms2/img/pokedex/full/373.png
Beldum,https://assets.pokemon.com/assets/cms2/img/pokedex/full/374.png
Metang,https://assets.pokemon.com/assets/cms2/img/pokedex/full/375.png
Metagross,https://assets.pokemon.com/assets/cms2/img/pokedex/full/376.png
Regirock,https://assets.pokemon.com/assets/cms2/img/pokedex/full/377.png
Regice,https://assets.pokemon.com/assets/cms2/img/pokedex/full/378.png
Registeel,https://assets.pokemon.com/assets/cms2/img/pokedex/full/379.png
Latias,https://assets.pokemon.com/assets/cms2/img/pokedex/full/380.png
Latios,https://assets.pokemon.com/assets/cms2/img/pokedex/full/381.png
Kyogre,https://assets.pokemon.com/assets/cms2/img/pokedex/full/382.png
Groudon,https://assets.pokemon.com/assets/cms2/img/pokedex/full/383.png
Rayquaza,https://assets.pokemon.com/assets/cms2/img/pokedex/full/384.png
Jirachi,https://assets.pokemon.com/assets/cms2/img/pokedex/full/385.png
Deoxys,https://assets.pokemon.com/assets/cms2/img/pokedex/full/386.png
Turtwig,https://assets.pokemon.com/assets/cms2/img/pokedex/full/387.png
Grotle,https://assets.pokemon.com/assets/cms2/img/pokedex/full/388.png
Torterra,https://assets.pokemon.com/assets/cms2/img/pokedex/full/389.png
Chimchar,https://assets.pokemon.com/assets/cms2/img/pokedex/full/390.png
Monferno,https://assets.pokemon.com/assets/cms2/img/pokedex/full/391.png
Infernape,https://assets.pokemon.com/assets/cms2/img/pokedex/full/392.png
Piplup,https://assets.pokemon.com/assets/cms2/img/pokedex/full/393.png
Prinplup,https://assets.pokemon.com/assets/cms2/img/pokedex/full/394.png
Empoleon,https://assets.pokemon.com/assets/cms2/img/pokedex/full/395.png
Starly,https://assets.pokemon.com/assets/cms2/img/pokedex/full/396.png
Staravia,https://assets.pokemon.com/assets/cms2/img/pokedex/full/397.png
Staraptor,https://assets.pokemon.com/assets/cms2/img/pokedex/full/398.png
Bidoof,https://assets.pokemon.com/assets/cms2/img/pokedex/full/399.png
Bibarel,https://assets.pokemon.com/assets/cms2/img/pokedex/full/400.png
Kricketot,https://assets.pokemon.com/assets/cms2/img/pokedex/full/401.png
Kricketune,https://assets.pokemon.com/assets/cms2/img/pokedex/full/402.png
Shinx,https://assets.pokemon.com/assets/cms2/img/pokedex/full/403.png
Luxio,https://assets.pokemon.com/assets/cms2/img/pokedex/full/404.png
Luxray,https://assets.pokemon.com/assets/cms2/img/pokedex/full/405.png
Budew,https://assets.pokemon.com/assets/cms2/img/pokedex/full/406.png
Roserade,https://assets.pokemon.com/assets/cms2/img/pokedex/full/407.png
Cranidos,https://assets.pokemon.com/assets/cms2/img/pokedex/full/408.png
Rampardos,https://assets.pokemon.com/assets/cms2/img/pokedex/full/409.png
Shieldon,https://assets.pokemon.com/assets/cms2/img/pokedex/full/410.png
Bastiodon,https://assets.pokemon.com/assets/cms2/img/pokedex/full/411.png
Burmy,https://assets.pokemon.com/assets/cms2/img/pokedex/full/412.png
Wormadam,https://assets.pokemon.com/assets/cms2/img/pokedex/full/413.png
Mothim,https://assets.pokemon.com/assets/cms2/img/pokedex/full/414.png
Combee,https://assets.pokemon.com/assets/cms2/img/pokedex/full/415.png
Vespiquen,https://assets.pokemon.com/assets/cms2/img/pokedex/full/416.png
Pachirisu,https://assets.pokemon.com/assets/cms2/img/pokedex/full/417.png
Buizel,https://assets.pokemon.com/assets/cms2/img/pokedex/full/418.png
Floatzel,https://assets.pokemon.com/assets/cms2/img/pokedex/full/419.png
Cherubi,https://assets.pokemon.com/assets/cms2/img/pokedex/full/420.png
Cherrim,https://assets.pokemon.com/assets/cms2/img/pokedex/full/421.png
Shellos,https://assets.pokemon.com/assets/cms2/img/pokedex/full/422.png
Gastrodon,https://assets.pokemon.com/assets/cms2/img/pokedex/full/423.png
Ambipom,https://assets.pokemon.com/assets/cms2/img/pokedex/full/424.png
Drifloon,https://assets.pokemon.com/assets/cms2/img/pokedex/full/425.png
Drifblim,https://assets.pokemon.com/assets/cms2/img/pokedex/full/426.png
Buneary,https://assets.pokemon.com/assets/cms2/img/pokedex/full/427.png
Lopunny,https://assets.pokemon.com/assets/cms2/img/pokedex/full/428.png
Mismagius,https://assets.pokemon.com/assets/cms2/img/pokedex/full/429.png
Honchkrow,https://assets.pokemon.com/assets/cms2/img/pokedex/full/430.png
Glameow,https://assets.pokemon.com/assets/cms2/img/pokedex/full/431.png
Purugly,https://assets.pokemon.com/assets/cms2/img/pokedex/full/432.png
Chingling,https://assets.pokemon.com/assets/cms2/img/pokedex/full/433.png
Stunky,https://assets.pokemon.com/assets/cms2/img/pokedex/full/434.png
Skuntank,https://assets.pokemon.com/assets/cms2/img/pokedex/full/435.png
Bronzor,https://assets.pokemon.com/assets/cms2/img/pokedex/full/436.png
Bronzong,https://assets.pokemon.com/assets/cms2/img/pokedex/full/437.png
Bonsly,https://assets.pokemon.com/assets/cms2/img/pokedex/full/438.png
Mime-Jr,https://assets.pokemon.com/assets/cms2/img/pokedex/full/439.png
Happiny,https://assets.pokemon.com/assets/cms2/img/pokedex/full/440.png
Chatot,https://assets.pokemon.com/assets/cms2/img/pokedex/full/441.png
Spiritomb,https://assets.pokemon.com/assets/cms2/img/pokedex/full/442.png
Gible,https://assets.pokemon.com/assets/cms2/img/pokedex/full/443.png
Gabite,https://assets.pokemon.com/assets/cms2/img/pokedex/full/444.png
Garchomp,https://assets.pokemon.com/assets/cms2/img/pokedex/full/445.png
Munchlax,https://assets.pokemon.com/assets/cms2/img/pokedex/full/446.png
Riolu,https://assets.pokemon.com/assets/cms2/img/pokedex/full/447.png
Lucario,https://assets.pokemon.com/assets/cms2/img/pokedex/full/448.png
Hippopotas,https://assets.pokemon.com/assets/cms2/img/pokedex/full/449.png
Hippowdon,https://assets.pokemon.com/assets/cms2/img/pokedex/full/450.png
Skorupi,https://assets.pokemon.com/assets/cms2/img/pokedex/full/451.png
Drapion,https://assets.pokemon.com/assets/cms2/img/pokedex/full/452.png
Croagunk,https://assets.pokemon.com/assets/cms2/img/pokedex/full/453.png
Toxicroak,https://assets.pokemon.com/assets/cms2/img/pokedex/full/454.png
Carnivine,https://assets.pokemon.com/assets/cms2/img/pokedex/full/455.png
Finneon,https://assets.pokemon.com/assets/cms2/img/pokedex/full/456.png
Lumineon,https://assets.pokemon.com/assets/cms2/img/pokedex/full/457.png
Mantyke,https://assets.pokemon.com/assets/cms2/img/pokedex/full/458.png
Snover,https://assets.pokemon.com/assets/cms2/img/pokedex/full/459.png
Abomasnow,https://assets.pokemon.com/assets/cms2/img/pokedex/full/460.png
Weavile,https://assets.pokemon.com/assets/cms2/img/pokedex/full/461.png
Magnezone,https://assets.pokemon.com/assets/cms2/img/pokedex/full/462.png
Lickilicky,https://assets.pokemon.com/assets/cms2/img/pokedex/full/463.png
Rhyperior,https://assets.pokemon.com/assets/cms2/img/pokedex/full/464.png
Tangrowth,https://assets.pokemon.com/assets/cms2/img/pokedex/full/465.png
Electivire,https://assets.pokemon.com/assets/cms2/img/pokedex/full/466.png
Magmortar,https://assets.pokemon.com/assets/cms2/img/pokedex/full/467.png
Togekiss,https://assets.pokemon.com/assets/cms2/img/pokedex/full/468.png
Yanmega,https://assets.pokemon.com/assets/cms2/img/pokedex/full/469.png
Leafeon,https://assets.pokemon.com/assets/cms2/img/pokedex/full/470.png
Glaceon,https://assets.pokemon.com/assets/cms2/img/pokedex/full/471.png
Gliscor,https://assets.pokemon.com/assets/cms2/img/pokedex/full/472.png
Mamoswine,https://assets.pokemon.com/assets/cms2/img/pokedex/full/473.png
Porygon-Z,https://assets.pokemon.com/assets/cms2/img/pokedex/full/474.png
Gallade,https://assets.pokemon.com/assets/cms2/img/pokedex/full/475.png
Probopass,https://assets.pokemon.com/assets/cms2/img/pokedex/full/476.png
Dusknoir,https://assets.pokemon.com/assets/cms2/img/pokedex/full/477.png
Froslass,https://assets.pokemon.com/assets/cms2/img/pokedex/full/478.png
Rotom,https://assets.pokemon.com/assets/cms2/img/pokedex/full/479.png
Uxie,https://assets.pokemon.com/assets/cms2/img/pokedex/full/480.png
Mesprit,https://assets.pokemon.com/assets/cms2/img/pokedex/full/481.png
Azelf,https://assets.pokemon.com/assets/cms2/img/pokedex/full/482.png
Dialga,https://assets.pokemon.com/assets/cms2/img/pokedex/full/483.png
Palkia,https://assets.pokemon.com/assets/cms2/img/pokedex/full/484.png
Heatran,https://assets.pokemon.com/assets/cms2/img/pokedex/full/485.png
Regigigas,https://assets.pokemon.com/assets/cms2/img/pokedex/full/486.png
Giratina,https://assets.pokemon.com/assets/cms2/img/pokedex/full/487.png
Cresselia,https://assets.pokemon.com/assets/cms2/img/pokedex/full/488.png
Phione,https://assets.pokemon.com/assets/cms2/img/pokedex/full/489.png
Manaphy,https://assets.pokemon.com/assets/cms2/img/pokedex/full/490.png
Darkrai,https://assets.pokemon.com/assets/cms2/img/pokedex/full/491.png
Shaymin,https://assets.pokemon.com/assets/cms2/img/pokedex/full/492.png
Arceus,https://assets.pokemon.com/assets/cms2/img/pokedex/full/493.png
Victini,https://assets.pokemon.com/assets/cms2/img/pokedex/full/494.png
Snivy,https://assets.pokemon.com/assets/cms2/img/pokedex/full/495.png
Servine,https://assets.pokemon.com/assets/cms2/img/pokedex/full/496.png
Serperior,https://assets.pokemon.com/assets/cms2/img/pokedex/full/497.png
Tepig,https://assets.pokemon.com/assets/cms2/img/pokedex/full/498.png
Pignite,https://assets.pokemon.com/assets/cms2/img/pokedex/full/499.png
Emboar,https://assets.pokemon.com/assets/cms2/img/pokedex/full/500.png
Oshawott,https://assets.pokemon.com/assets/cms2/img/pokedex/full/501.png
Dewott,https://assets.pokemon.com/assets/cms2/img/pokedex/full/502.png
Samurott,https://assets.pokemon.com/assets/cms2/img/pokedex/full/503.png
Patrat,https://assets.pokemon.com/assets/cms2/img/pokedex/full/504.png
Watchog,https://assets.pokemon.com/assets/cms2/img/pokedex/full/505.png
Lillipup,https://assets.pokemon.com/assets/cms2/img/pokedex/full/506.png
Herdier,https://assets.pokemon.com/assets/cms2/img/pokedex/full/507.png
Stoutland,https://assets.pokemon.com/assets/cms2/img/pokedex/full/508.png
Purrloin,https://assets.pokemon.com/assets/cms2/img/pokedex/full/509.png
Liepard,https://assets.pokemon.com/assets/cms2/img/pokedex/full/510.png
Pansage,https://assets.pokemon.com/assets/cms2/img/pokedex/full/511.png
Simisage,https://assets.pokemon.com/assets/cms2/img/pokedex/full/512.png
Pansear,https://assets.pokemon.com/assets/cms2/img/pokedex/full/513.png
Simisear,https://assets.pokemon.com/assets/cms2/img/pokedex/full/514.png
Panpour,https://assets.pokemon.com/assets/cms2/img/pokedex/full/515.png
Simipour,https://assets.pokemon.com/assets/cms2/img/pokedex/full/516.png
Munna,https://assets.pokemon.com/assets/cms2/img/pokedex/full/517.png
Musharna,https://assets.pokemon.com/assets/cms2/img/pokedex/full/518.png
Pidove,https://assets.pokemon.com/assets/cms2/img/pokedex/full/519.png
Tranquill,https://assets.pokemon.com/assets/cms2/img/pokedex/full/520.png
Unfezant,https://assets.pokemon.com/assets/cms2/img/pokedex/full/521.png
Blitzle,https://assets.pokemon.com/assets/cms2/img/pokedex/full/522.png
Zebstrika,https://assets.pokemon.com/assets/cms2/img/pokedex/full/523.png
Roggenrola,https://assets.pokemon.com/assets/cms2/img/pokedex/full/524.png
Boldore,https://assets.pokemon.com/assets/cms2/img/pokedex/full/525.png
Gigalith,https://assets.pokemon.com/assets/cms2/img/pokedex/full/526.png
Woobat,https://assets.pokemon.com/assets/cms2/img/pokedex/full/527.png
Swoobat,https://assets.pokemon.com/assets/cms2/img/pokedex/full/528.png
Drilbur,https://assets.pokemon.com/assets/cms2/img/pokedex/full/529.png
Excadrill,https://assets.pokemon.com/assets/cms2/img/pokedex/full/530.png
Audino,https://assets.pokemon.com/assets/cms2/img/pokedex/full/531.png
Timburr,https://assets.pokemon.com/assets/cms2/img/pokedex/full/532.png
Gurdurr,https://assets.pokemon.com/assets/cms2/img/pokedex/full/533.png
Conkeldurr,https://assets.pokemon.com/assets/cms2/img/pokedex/full/534.png
Tympole,https://assets.pokemon.com/assets/cms2/img/pokedex/full/535.png
Palpitoad,https://assets.pokemon.com/assets/cms2/img/pokedex/full/536.png
Seismitoad,https://assets.pokemon.com/assets/cms2/img/pokedex/full/537.png
Throh,https://assets.pokemon.com/assets/cms2/img/pokedex/full/538.png
Sawk,https://assets.pokemon.com/assets/cms2/img/pokedex/full/539.png
Sewaddle,https://assets.pokemon.com/assets/cms2/img/pokedex/full/540.png
Swadloon,https://assets.pokemon.com/assets/cms2/img/pokedex/full/541.png
Leavanny,https://assets.pokemon.com/assets/cms2/img/pokedex/full/542.png
Venipede,https://assets.pokemon.com/assets/cms2/img/pokedex/full/543.png
Whirlipede,https://assets.pokemon.com/assets/cms2/img/pokedex/full/544.png
Scolipede,https://assets.pokemon.com/assets/cms2/img/pokedex/full/545.png
Cottonee,https://assets.pokemon.com/assets/cms2/img/pokedex/full/546.png
Whimsicott,https://assets.pokemon.com/assets/cms2/img/pokedex/full/547.png
Petilil,https://assets.pokemon.com/assets/cms2/img/pokedex/full/548.png
Lilligant,https://assets.pokemon.com/assets/cms2/img/pokedex/full/549.png
Basculin,https://assets.pokemon.com/assets/cms2/img/pokedex/full/550.png
Sandile,https://assets.pokemon.com/assets/cms2/img/pokedex/full/551.png
Krokorok,https://assets.pokemon.com/assets/cms2/img/pokedex/full/552.png
Krookodile,https://assets.pokemon.com/assets/cms2/img/pokedex/full/553.png
Darumaka,https://assets.pokemon.com/assets/cms2/img/pokedex/full/554.png
Darmanitan,https://assets.pokemon.com/assets/cms2/img/pokedex/full/555.png
Maractus,https://assets.pokemon.com/assets/cms2/img/pokedex/full/556.png
Dwebble,https://assets.pokemon.com/assets/cms2/img/pokedex/full/557.png
Crustle,https://assets.pokemon.com/assets/cms2/img/pokedex/full/558.png
Scraggy,https://assets.pokemon.com/assets/cms2/img/pokedex/full/559.png
Scrafty,https://assets.pokemon.com/assets/cms2/img/pokedex/full/560.png
Sigilyph,https://assets.pokemon.com/assets/cms2/img/pokedex/full/561.png
Yamask,https://assets.pokemon.com/assets/cms2/img/pokedex/full/562.png
Cofagrigus,https://assets.pokemon.com/assets/cms2/img/pokedex/full/563.png
Tirtouga,https://assets.pokemon.com/assets/cms2/img/pokedex/full/564.png
Carracosta,https://assets.pokemon.com/assets/cms2/img/pokedex/full/565.png
Archen,https://assets.pokemon.com/assets/cms2/img/pokedex/full/566.png
Archeops,https://assets.pokemon.com/assets/cms2/img/pokedex/full/567.png
Trubbish,https://assets.pokemon.com/assets/cms2/img/pokedex/full/568.png
Garbodor,https://assets.pokemon.com/assets/cms2/img/pokedex/full/569.png
Zorua,https://assets.pokemon.com/assets/cms2/img/pokedex/full/570.png
Zoroark,https://assets.pokemon.com/assets/cms2/img/pokedex/full/571.png
Minccino,https://assets.pokemon.com/assets/cms2/img/pokedex/full/572.png
Cinccino,https://assets.pokemon.com/assets/cms2/img/pokedex/full/573.png
Gothita,https://assets.pokemon.com/assets/cms2/img/pokedex/full/574.png
Gothorita,https://assets.pokemon.com/assets/cms2/img/pokedex/full/575.png
Gothitelle,https://assets.pokemon.com/assets/cms2/img/pokedex/full/576.png
Solosis,https://assets.pokemon.com/assets/cms2/img/pokedex/full/577.png
Duosion,https://assets.pokemon.com/assets/cms2/img/pokedex/full/578.png
Reuniclus,https://assets.pokemon.com/assets/cms2/img/pokedex/full/579.png
Ducklett,https://assets.pokemon.com/assets/cms2/img/pokedex/full/580.png
Swanna,https://assets.pokemon.com/assets/cms2/img/pokedex/full/581.png
Vanillite,https://assets.pokemon.com/assets/cms2/img/pokedex/full/582.png
Vanillish,https://assets.pokemon.com/assets/cms2/img/pokedex/full/583.png
Vanilluxe,https://assets.pokemon.com/assets/cms2/img/pokedex/full/584.png
Deerling,https://assets.pokemon.com/assets/cms2/img/pokedex/full/585.png
Sawsbuck,https://assets.pokemon.com/assets/cms2/img/pokedex/full/586.png
Emolga,https://assets.pokemon.com/assets/cms2/img/pokedex/full/587.png
Karrablast,https://assets.pokemon.com/assets/cms2/img/pokedex/full/588.png
Escavalier,https://assets.pokemon.com/assets/cms2/img/pokedex/full/589.png
Foongus,https://assets.pokemon.com/assets/cms2/img/pokedex/full/590.png
Amoonguss,https://assets.pokemon.com/assets/cms2/img/pokedex/full/591.png
Frillish,https://assets.pokemon.com/assets/cms2/img/pokedex/full/592.png
Jellicent,https://assets.pokemon.com/assets/cms2/img/pokedex/full/593.png
Alomomola,https://assets.pokemon.com/assets/cms2/img/pokedex/full/594.png
Joltik,https://assets.pokemon.com/assets/cms2/img/pokedex/full/595.png
Galvantula,https://assets.pokemon.com/assets/cms2/img/pokedex/full/596.png
Ferroseed,https://assets.pokemon.com/assets/cms2/img/pokedex/full/597.png
Ferrothorn,https://assets.pokemon.com/assets/cms2/img/pokedex/full/598.png
Klink,https://assets.pokemon.com/assets/cms2/img/pokedex/full/599.png
Klang,https://assets.pokemon.com/assets/cms2/img/pokedex/full/600.png
Klinklang,https://assets.pokemon.com/assets/cms2/img/pokedex/full/601.png
Tynamo,https://assets.pokemon.com/assets/cms2/img/pokedex/full/602.png
Eelektrik,https://assets.pokemon.com/assets/cms2/img/pokedex/full/603.png
Eelektross,https://assets.pokemon.com/assets/cms2/img/pokedex/full/604.png
Elgyem,https://assets.pokemon.com/assets/cms2/img/pokedex/full/605.png
Beheeyem,https://assets.pokemon.com/assets/cms2/img/pokedex/full/606.png
Litwick,https://assets.pokemon.com/assets/cms2/img/pokedex/full/607.png
Lampent,https://assets.pokemon.com/assets/cms2/img/pokedex/full/608.png
Chandelure,https://assets.pokemon.com/assets/cms2/img/pokedex/full/609.png
Axew,https://assets.pokemon.com/assets/cms2/img/pokedex/full/610.png
Fraxure,https://assets.pokemon.com/assets/cms2/img/pokedex/full/611.png
Haxorus,https://assets.pokemon.com/assets/cms2/img/pokedex/full/612.png
Cubchoo,https://assets.pokemon.com/assets/cms2/img/pokedex/full/613.png
Beartic,https://assets.pokemon.com/assets/cms2/img/pokedex/full/614.png
Cryogonal,https://assets.pokemon.com/assets/cms2/img/pokedex/full/615.png
Shelmet,https://assets.pokemon.com/assets/cms2/img/pokedex/full/616.png
Accelgor,https://assets.pokemon.com/assets/cms2/img/pokedex/full/617.png
Stunfisk,https://assets.pokemon.com/assets/cms2/img/pokedex/full/618.png
Mienfoo,https://assets.pokemon.com/assets/cms2/img/pokedex/full/619.png
Mienshao,https://assets.pokemon.com/assets/cms2/img/pokedex/full/620.png
Druddigon,https://assets.pokemon.com/assets/cms2/img/pokedex/full/621.png
Golett,https://assets.pokemon.com/assets/cms2/img/pokedex/full/622.png
Golurk,https://assets.pokemon.com/assets/cms2/img/pokedex/full/623.png
Pawniard,https://assets.pokemon.com/assets/cms2/img/pokedex/full/624.png
Bisharp,https://assets.pokemon.com/assets/cms2/img/pokedex/full/625.png
Bouffalant,https://assets.pokemon.com/assets/cms2/img/pokedex/full/626.png
Rufflet,https://assets.pokemon.com/assets/cms2/img/pokedex/full/627.png
Braviary,https://assets.pokemon.com/assets/cms2/img/pokedex/full/628.png
Vullaby,https://assets.pokemon.com/assets/cms2/img/pokedex/full/629.png
Mandibuzz,https://assets.pokemon.com/assets/cms2/img/pokedex/full/630.png
Heatmor,https://assets.pokemon.com/assets/cms2/img/pokedex/full/631.png
Durant,https://assets.pokemon.com/assets/cms2/img/pokedex/full/632.png
Deino,https://assets.pokemon.com/assets/cms2/img/pokedex/full/633.png
Zweilous,https://assets.pokemon.com/assets/cms2/img/pokedex/full/634.png
Hydreigon,https://assets.pokemon.com/assets/cms2/img/pokedex/full/635.png
Larvesta,https://assets.pokemon.com/assets/cms2/img/pokedex/full/636.png
Volcarona,https://assets.pokemon.com/assets/cms2/img/pokedex/full/637.png
Cobalion,https://assets.pokemon.com/assets/cms2/img/pokedex/full/638.png
Terrakion,https://assets.pokemon.com/assets/cms2/img/pokedex/full/639.png
Virizion,https://assets.pokemon.com/assets/cms2/img/pokedex/full/640.png
Tornadus,https://assets.pokemon.com/assets/cms2/img/pokedex/full/641.png
Thundurus,https://assets.pokemon.com/assets/cms2/img/pokedex/full/642.png
Reshiram,https://assets.pokemon.com/assets/cms2/img/pokedex/full/643.png
Zekrom,https://assets.pokemon.com/assets/cms2/img/pokedex/full/644.png
Landorus,https://assets.pokemon.com/assets/cms2/img/pokedex/full/645.png
Kyurem,https://assets.pokemon.com/assets/cms2/img/pokedex/full/646.png
Keldeo,https://assets.pokemon.com/assets/cms2/img/pokedex/full/647.png
Meloetta,https://assets.pokemon.com/assets/cms2/img/pokedex/full/648.png
Genesect,https://assets.pokemon.com/assets/cms2/img/pokedex/full/649.png
Chespin,https://assets.pokemon.com/assets/cms2/img/pokedex/full/650.png
Quilladin,https://assets.pokemon.com/assets/cms2/img/pokedex/full/651.png
Chesnaught,https://assets.pokemon.com/assets/cms2/img/pokedex/full/652.png
Fennekin,https://assets.pokemon.com/assets/cms2/img/pokedex/full/653.png
Braixen,https://assets.pokemon.com/assets/cms2/img/pokedex/full/654.png
Delphox,https://assets.pokemon.com/assets/cms2/img/pokedex/full/655.png
Froakie,https://assets.pokemon.com/assets/cms2/img/pokedex/full/656.png
Frogadier,https://assets.pokemon.com/assets/cms2/img/pokedex/full/657.png
Greninja,https://assets.pokemon.com/assets/cms2/img/pokedex/full/658.png
Bunnelby,https://assets.pokemon.com/assets/cms2/img/pokedex/full/659.png
Diggersby,https://assets.pokemon.com/assets/cms2/img/pokedex/full/660.png
Fletchling,https://assets.pokemon.com/assets/cms2/img/pokedex/full/661.png
Fletchinder,https://assets.pokemon.com/assets/cms2/img/pokedex/full/662.png
Talonflame,https://assets.pokemon.com/assets/cms2/img/pokedex/full/663.png
Scatterbug,https://assets.pokemon.com/assets/cms2/img/pokedex/full/664.png
Spewpa,https://assets.pokemon.com/assets/cms2/img/pokedex/full/665.png
Vivillon,https://assets.pokemon.com/assets/cms2/img/pokedex/full/666.png
Litleo,https://assets.pokemon.com/assets/cms2/img/pokedex/full/667.png
Pyroar,https://assets.pokemon.com/assets/cms2/img/pokedex/full/668.png
Flabébé,https://assets.pokemon.com/assets/cms2/img/pokedex/full/669.png
Floette,https://assets.pokemon.com/assets/cms2/img/pokedex/full/670.png
Florges,https://assets.pokemon.com/assets/cms2/img/pokedex/full/671.png
Skiddo,https://assets.pokemon.com/assets/cms2/img/pokedex/full/672.png
Gogoat,https://assets.pokemon.com/assets/cms2/img/pokedex/full/673.png
Pancham,https://assets.pokemon.com/assets/cms2/img/pokedex/full/674.png
Pangoro,https://assets.pokemon.com/assets/cms2/img/pokedex/full/675.png
Furfrou,https://assets.pokemon.com/assets/cms2/img/pokedex/full/676.png
Espurr,https://assets.pokemon.com/assets/cms2/img/pokedex/full/677.png
Meowstic,https://assets.pokemon.com/assets/cms2/img/pokedex/full/678.png
Honedge,https://assets.pokemon.com/assets/cms2/img/pokedex/full/679.png
Doublade,https://assets.pokemon.com/assets/cms2/img/pokedex/full/680.png
Aegislash,https://assets.pokemon.com/assets/cms2/img/pokedex/full/681.png
Spritzee,https://assets.pokemon.com/assets/cms2/img/pokedex/full/682.png
Aromatisse,https://assets.pokemon.com/assets/cms2/img/pokedex/full/683.png
Swirlix,https://assets.pokemon.com/assets/cms2/img/pokedex/full/684.png
Slurpuff,https://assets.pokemon.com/assets/cms2/img/pokedex/full/685.png
Inkay,https://assets.pokemon.com/assets/cms2/img/pokedex/full/686.png
Malamar,https://assets.pokemon.com/assets/cms2/img/pokedex/full/687.png
Binacle,https://assets.pokemon.com/assets/cms2/img/pokedex/full/688.png
Barbaracle,https://assets.pokemon.com/assets/cms2/img/pokedex/full/689.png
Skrelp,https://assets.pokemon.com/assets/cms2/img/pokedex/full/690.png
Dragalge,https://assets.pokemon.com/assets/cms2/img/pokedex/full/691.png
Clauncher,https://assets.pokemon.com/assets/cms2/img/pokedex/full/692.png
Clawitzer,https://assets.pokemon.com/assets/cms2/img/pokedex/full/693.png
Helioptile,https://assets.pokemon.com/assets/cms2/img/pokedex/full/694.png
Heliolisk,https://assets.pokemon.com/assets/cms2/img/pokedex/full/695.png
Tyrunt,https://assets.pokemon.com/assets/cms2/img/pokedex/full/696.png
Tyrantrum,https://assets.pokemon.com/assets/cms2/img/pokedex/full/697.png
Amaura,https://assets.pokemon.com/assets/cms2/img/pokedex/full/698.png
Aurorus,https://assets.pokemon.com/assets/cms2/img/pokedex/full/699.png
Sylveon,https://assets.pokemon.com/assets/cms2/img/pokedex/full/700.png
Hawlucha,https://assets.pokemon.com/assets/cms2/img/pokedex/full/701.png
Dedenne,https://assets.pokemon.com/assets/cms2/img/pokedex/full/702.png
Carbink,https://assets.pokemon.com/assets/cms2/img/pokedex/full/703.png
Goomy,https://assets.pokemon.com/assets/cms2/img/pokedex/full/704.png
Sliggoo,https://assets.pokemon.com/assets/cms2/img/pokedex/full/705.png
Goodra,https://assets.pokemon.com/assets/cms2/img/pokedex/full/706.png
Klefki,https://assets.pokemon.com/assets/cms2/img/pokedex/full/707.png
Phantump,https://assets.pokemon.com/assets/cms2/img/pokedex/full/708.png
Trevenant,https://assets.pokemon.com/assets/cms2/img/pokedex/full/709.png
Pumpkaboo,https://assets.pokemon.com/assets/cms2/img/pokedex/full/710.png
Gourgeist,https://assets.pokemon.com/assets/cms2/img/pokedex/full/711.png
Bergmite,https://assets.pokemon.com/assets/cms2/img/pokedex/full/712.png
Avalugg,https://assets.pokemon.com/assets/cms2/img/pokedex/full/713.png
Noibat,https://assets.pokemon.com/assets/cms2/img/pokedex/full/714.png
Noivern,https://assets.pokemon.com/assets/cms2/img/pokedex/full/715.png
Xerneas,https://assets.pokemon.com/assets/cms2/img/pokedex/full/716.png
Yveltal,https://assets.pokemon.com/assets/cms2/img/pokedex/full/717.png
Zygarde,https://assets.pokemon.com/assets/cms2/img/pokedex/full/718.png
Diancie,https://assets.pokemon.com/assets/cms2/img/pokedex/full/719.png
Hoopa,https://assets.pokemon.com/assets/cms2/img/pokedex/full/720.png
Volcanion,https://assets.pokemon.com/assets/cms2/img/pokedex/full/721.png
Rowlet,https://assets.pokemon.com/assets/cms2/img/pokedex/full/722.png
Dartrix,https://assets.pokemon.com/assets/cms2/img/pokedex/full/723.png
Decidueye,https://assets.pokemon.com/assets/cms2/img/pokedex/full/724.png
Litten,https://assets.pokemon.com/assets/cms2/img/pokedex/full/725.png
Torracat,https://assets.pokemon.com/assets/cms2/img/pokedex/full/726.png
Incineroar,https://assets.pokemon.com/assets/cms2/img/pokedex/full/727.png
Popplio,https://assets.pokemon.com/assets/cms2/img/pokedex/full/728.png
Brionne,https://assets.pokemon.com/assets/cms2/img/pokedex/full/729.png
Primarina,https://assets.pokemon.com/assets/cms2/img/pokedex/full/730.png
Pikipek,https://assets.pokemon.com/assets/cms2/img/pokedex/full/731.png
Trumbeak,https://assets.pokemon.com/assets/cms2/img/pokedex/full/732.png
Toucannon,https://assets.pokemon.com/assets/cms2/img/pokedex/full/733.png
Yungoos,https://assets.pokemon.com/assets/cms2/img/pokedex/full/734.png
Gumshoos,https://assets.pokemon.com/assets/cms2/img/pokedex/full/735.png
Grubbin,https://assets.pokemon.com/assets/cms2/img/pokedex/full/736.png
Charjabug,https://assets.pokemon.com/assets/cms2/img/pokedex/full/737.png
Vikavolt,https://assets.pokemon.com/assets/cms2/img/pokedex/full/738.png
Crabrawler,https://assets.pokemon.com/assets/cms2/img/pokedex/full/739.png
Crabominable,https://assets.pokemon.com/assets/cms2/img/pokedex/full/740.png
Oricorio,https://assets.pokemon.com/assets/cms2/img/pokedex/full/741.png
Cutiefly,https://assets.pokemon.com/assets/cms2/img/pokedex/full/742.png
Ribombee,https://assets.pokemon.com/assets/cms2/img/pokedex/full/743.png
Rockruff,https://assets.pokemon.com/assets/cms2/img/pokedex/full/744.png
Lycanroc,https://assets.pokemon.com/assets/cms2/img/pokedex/full/745.png
Wishiwashi,https://assets.pokemon.com/assets/cms2/img/pokedex/full/746.png
Mareanie,https://assets.pokemon.com/assets/cms2/img/pokedex/full/747.png
Toxapex,https://assets.pokemon.com/assets/cms2/img/pokedex/full/748.png
Mudbray,https://assets.pokemon.com/assets/cms2/img/pokedex/full/749.png
Mudsdale,https://assets.pokemon.com/assets/cms2/img/pokedex/full/750.png
Dewpider,https://assets.pokemon.com/assets/cms2/img/pokedex/full/751.png
Araquanid,https://assets.pokemon.com/assets/cms2/img/pokedex/full/752.png
Fomantis,https://assets.pokemon.com/assets/cms2/img/pokedex/full/753.png
Lurantis,https://assets.pokemon.com/assets/cms2/img/pokedex/full/754.png
Morelull,https://assets.pokemon.com/assets/cms2/img/pokedex/full/755.png
Shiinotic,https://assets.pokemon.com/assets/cms2/img/pokedex/full/756.png
Salandit,https://assets.pokemon.com/assets/cms2/img/pokedex/full/757.png
Salazzle,https://assets.pokemon.com/assets/cms2/img/pokedex/full/758.png
Stufful,https://assets.pokemon.com/assets/cms2/img/pokedex/full/759.png
Bewear,https://assets.pokemon.com/assets/cms2/img/pokedex/full/760.png
Bounsweet,https://assets.pokemon.com/assets/cms2/img/pokedex/full/761.png
Steenee,https://assets.pokemon.com/assets/cms2/img/pokedex/full/762.png
Tsareena,https://assets.pokemon.com/assets/cms2/img/pokedex/full/763.png
Comfey,https://assets.pokemon.com/assets/cms2/img/pokedex/full/764.png
Oranguru,https://assets.pokemon.com/assets/cms2/img/pokedex/full/765.png
Passimian,https://assets.pokemon.com/assets/cms2/img/pokedex/full/766.png
Wimpod,https://assets.pokemon.com/assets/cms2/img/pokedex/full/767.png
Golisopod,https://assets.pokemon.com/assets/cms2/img/pokedex/full/768.png
Sandygast,https://assets.pokemon.com/assets/cms2/img/pokedex/full/769.png
Palossand,https://assets.pokemon.com/assets/cms2/img/pokedex/full/770.png
Pyukumuku,https://assets.pokemon.com/assets/cms2/img/pokedex/full/771.png
Type-Null,https://assets.pokemon.com/assets/cms2/img/pokedex/full/772.png
Silvally,https://assets.pokemon.com/assets/cms2/img/pokedex/full/773.png
Minior,https://assets.pokemon.com/assets/cms2/img/pokedex/full/774.png
Komala,https://assets.pokemon.com/assets/cms2/img/pokedex/full/775.png
Turtonator,https://assets.pokemon.com/assets/cms2/img/pokedex/full/776.png
Togedemaru,https://assets.pokemon.com/assets/cms2/img/pokedex/full/777.png
Mimikyu,https://assets.pokemon.com/assets/cms2/img/pokedex/full/778.png
Bruxish,https://assets.pokemon.com/assets/cms2/img/pokedex/full/779.png
Drampa,https://assets.pokemon.com/assets/cms2/img/pokedex/full/780.png
Dhelmise,https://assets.pokemon.com/assets/cms2/img/pokedex/full/781.png
Jangmo-o,https://assets.pokemon.com/assets/cms2/img/pokedex/full/782.png
Hakamo-o,https://assets.pokemon.com/assets/cms2/img/pokedex/full/783.png
Kommo-o,https://assets.pokemon.com/assets/cms2/img/pokedex/full/784.png
Tapu-Koko,https://assets.pokemon.com/assets/cms2/img/pokedex/full/785.png
Tapu-Lele,https://assets.pokemon.com/assets/cms2/img/pokedex/full/786.png
Tapu-Bulu,https://assets.pokemon.com/assets/cms2/img/pokedex/full/787.png
Tapu-Fini,https://assets.pokemon.com/assets/cms2/img/pokedex/full/788.png
Cosmog,https://assets.pokemon.com/assets/cms2/img/pokedex/full/789.png
Cosmoem,https://assets.pokemon.com/assets/cms2/img/pokedex/full/790.png
Solgaleo,https://assets.pokemon.com/assets/cms2/img/pokedex/full/791.png
Lunala,https://assets.pokemon.com/assets/cms2/img/pokedex/full/792.png
Nihilego,https://assets.pokemon.com/assets/cms2/img/pokedex/full/793.png
Buzzwole,https://assets.pokemon.com/assets/cms2/img/pokedex/full/794.png
Pheromosa,https://assets.pokemon.com/assets/cms2/img/pokedex/full/795.png
Xurkitree,https://assets.pokemon.com/assets/cms2/img/pokedex/full/796.png
Celesteela,https://assets.pokemon.com/assets/cms2/img/pokedex/full/797.png
Kartana,https://assets.pokemon.com/assets/cms2/img/pokedex/full/798.png
Guzzlord,https://assets.pokemon.com/assets/cms2/img/pokedex/full/799.png
Necrozma,https://assets.pokemon.com/assets/cms2/img/pokedex/full/800.png
Magearna,https://assets.pokemon.com/assets/cms2/img/pokedex/full/801.png
Marshadow,https://assets.pokemon.com/assets/cms2/img/pokedex/full/802.png
Poipole,https://assets.pokemon.com/assets/cms2/img/pokedex/full/803.png
Naganadel,https://assets.pokemon.com/assets/cms2/img/pokedex/full/804.png
Stakataka,https://assets.pokemon.com/assets/cms2/img/pokedex/full/805.png
Blacephalon,https://assets.pokemon.com/assets/cms2/img/pokedex/full/806.png
Zeraora,https://assets.pokemon.com/assets/cms2/img/pokedex/full/807.png
Meltan,https://assets.pokemon.com/assets/cms2/img/pokedex/full/808.png
Melmetal,https://assets.pokemon.com/assets/cms2/img/pokedex/full/809.png
Grookey,https://assets.pokemon.com/assets/cms2/img/pokedex/full/810.png
Thwackey,https://assets.pokemon.com/assets/cms2/img/pokedex/full/811.png
Rillaboom,https://assets.pokemon.com/assets/cms2/img/pokedex/full/812.png
Scorbunny,https://assets.pokemon.com/assets/cms2/img/pokedex/full/813.png
Raboot,https://assets.pokemon.com/assets/cms2/img/pokedex/full/814.png
Cinderace,https://assets.pokemon.com/assets/cms2/img/pokedex/full/815.png
Sobble,https://assets.pokemon.com/assets/cms2/img/pokedex/full/816.png
Drizzile,https://assets.pokemon.com/assets/cms2/img/pokedex/full/817.png
Inteleon,https://assets.pokemon.com/assets/cms2/img/pokedex/full/818.png
Skwovet,https://assets.pokemon.com/assets/cms2/img/pokedex/full/819.png
Greedent,https://assets.pokemon.com/assets/cms2/img/pokedex/full/820.png
Rookidee,https://assets.pokemon.com/assets/cms2/img/pokedex/full/821.png
Corvisquire,https://assets.pokemon.com/assets/cms2/img/pokedex/full/822.png
Corviknight,https://assets.pokemon.com/assets/cms2/img/pokedex/full/823.png
Blipbug,https://assets.pokemon.com/assets/cms2/img/pokedex/full/824.png
Dottler,https://assets.pokemon.com/assets/cms2/img/pokedex/full/825.png
Orbeetle,https://assets.pokemon.com/assets/cms2/img/pokedex/full/826.png
Nickit,https://assets.pokemon.com/assets/cms2/img/pokedex/full/827.png
Thievul,https://assets.pokemon.com/assets/cms2/img/pokedex/full/828.png
Gossifleur,https://assets.pokemon.com/assets/cms2/img/pokedex/full/829.png
Eldegoss,https://assets.pokemon.com/assets/cms2/img/pokedex/full/830.png
Wooloo,https://assets.pokemon.com/assets/cms2/img/pokedex/full/831.png
Dubwool,https://assets.pokemon.com/assets/cms2/img/pokedex/full/832.png
Chewtle,https://assets.pokemon.com/assets/cms2/img/pokedex/full/833.png
Drednaw,https://assets.pokemon.com/assets/cms2/img/pokedex/full/834.png
Yamper,https://assets.pokemon.com/assets/cms2/img/pokedex/full/835.png
Boltund,https://assets.pokemon.com/assets/cms2/img/pokedex/full/836.png
Rolycoly,https://assets.pokemon.com/assets/cms2/img/pokedex/full/837.png
Carkol,https://assets.pokemon.com/assets/cms2/img/pokedex/full/838.png
Coalossal,https://assets.pokemon.com/assets/cms2/img/pokedex/full/839.png
Applin,https://assets.pokemon.com/assets/cms2/img/pokedex/full/840.png
Flapple,https://assets.pokemon.com/assets/cms2/img/pokedex/full/841.png
Appletun,https://assets.pokemon.com/assets/cms2/img/pokedex/full/842.png
Silicobra,https://assets.pokemon.com/assets/cms2/img/pokedex/full/843.png
Sandaconda,https://assets.pokemon.com/assets/cms2/img/pokedex/full/844.png
Cramorant,https://assets.pokemon.com/assets/cms2/img/pokedex/full/845.png
Arrokuda,https://assets.pokemon.com/assets/cms2/img/pokedex/full/846.png
Barraskewda,https://assets.pokemon.com/assets/cms2/img/pokedex/full/847.png
Toxel,https://assets.pokemon.com/assets/cms2/img/pokedex/full/848.png
Toxtricity,https://assets.pokemon.com/assets/cms2/img/pokedex/full/849.png
Sizzlipede,https://assets.pokemon.com/assets/cms2/img/pokedex/full/850.png
Centiskorch,https://assets.pokemon.com/assets/cms2/img/pokedex/full/851.png
Clobbopus,https://assets.pokemon.com/assets/cms2/img/pokedex/full/852.png
Grapploct,https://assets.pokemon.com/assets/cms2/img/pokedex/full/853.png
Sinistea,https://assets.pokemon.com/assets/cms2/img/pokedex/full/854.png
Polteageist,https://assets.pokemon.com/assets/cms2/img/pokedex/full/855.png
Hatenna,https://assets.pokemon.com/assets/cms2/img/pokedex/full/856.png
Hattrem,https://assets.pokemon.com/assets/cms2/img/pokedex/full/857.png
Hatterene,https://assets.pokemon.com/assets/cms2/img/pokedex/full/858.png
Impidimp,https://assets.pokemon.com/assets/cms2/img/pokedex/full/859.png
Morgrem,https://assets.pokemon.com/assets/cms2/img/pokedex/full/860.png
Grimmsnarl,https://assets.pokemon.com/assets/cms2/img/pokedex/full/861.png
Obstagoon,https://assets.pokemon.com/assets/cms2/img/pokedex/full/862.png
Perrserker,https://assets.pokemon.com/assets/cms2/img/pokedex/full/863.png
Cursola,https://assets.pokemon.com/assets/cms2/img/pokedex/full/864.png
Sirfetchd,https://assets.pokemon.com/assets/cms2/img/pokedex/full/865.png
Mr-Rime,https://assets.pokemon.com/assets/cms2/img/pokedex/full/866.png
Runerigus,https://assets.pokemon.com/assets/cms2/img/pokedex/full/867.png
Milcery,https://assets.pokemon.com/assets/cms2/img/pokedex/full/868.png
Alcremie,https://assets.pokemon.com/assets/cms2/img/pokedex/full/869.png
Falinks,https://assets.pokemon.com/assets/cms2/img/pokedex/full/870.png
Pincurchin,https://assets.pokemon.com/assets/cms2/img/pokedex/full/871.png
Snom,https://assets.pokemon.com/assets/cms2/img/pokedex/full/872.png
Frosmoth,https://assets.pokemon.com/assets/cms2/img/pokedex/full/873.png
Stonjourner,https://assets.pokemon.com/assets/cms2/img/pokedex/full/874.png
Eiscue,https://assets.pokemon.com/assets/cms2/img/pokedex/full/875.png
Indeedee,https://assets.pokemon.com/assets/cms2/img/pokedex/full/876.png
Morpeko,https://assets.pokemon.com/assets/cms2/img/pokedex/full/877.png
Cufant,https://assets.pokemon.com/assets/cms2/img/pokedex/full/878.png
Copperajah,https://assets.pokemon.com/assets/cms2/img/pokedex/full/879.png
Dracozolt,https://assets.pokemon.com/assets/cms2/img/pokedex/full/880.png
Arctozolt,https://assets.pokemon.com/assets/cms2/img/pokedex/full/881.png
Dracovish,https://assets.pokemon.com/assets/cms2/img/pokedex/full/882.png
Arctovish,https://assets.pokemon.com/assets/cms2/img/pokedex/full/883.png
Duraludon,https://assets.pokemon.com/assets/cms2/img/pokedex/full/884.png
Dreepy,https://assets.pokemon.com/assets/cms2/img/pokedex/full/885.png
Drakloak,https://assets.pokemon.com/assets/cms2/img/pokedex/full/886.png
Dragapult,https://assets.pokemon.com/assets/cms2/img/pokedex/full/887.png
Zacian,https://assets.pokemon.com/assets/cms2/img/pokedex/full/888.png
Zamazenta,https://assets.pokemon.com/assets/cms2/img/pokedex/full/889.png
Eternatus,https://assets.pokemon.com/assets/cms2/img/pokedex/full/890.png
